,filename,width,height,class,xmin,ymin,xmax,ymax
0,0658_scfu2Bzqn0E.jpg,800,523,mush,18,1,800,522
1,0659_r1c48yLOmjA.jpg,800,536,mush,92,31,487,463
2,0659_r1c48yLOmjA.jpg,800,536,mush,374,195,657,483
3,0660_twgcXIwfDmU.jpg,800,600,mush,188,182,355,444
4,0660_twgcXIwfDmU.jpg,800,600,mush,332,196,569,535
5,0660_twgcXIwfDmU.jpg,800,600,mush,482,71,636,251
6,0661_eeP9dApdtpA.jpg,960,691,mush,437,113,856,640
7,0662_zLAxc0c9R_M.jpg,1000,765,mush,111,157,612,630
8,0662_zLAxc0c9R_M.jpg,1000,765,mush,573,264,932,660
9,0663_9RB14D1czQM.jpg,620,465,mush,42,58,417,424
10,0664_aAvZIRDPNUI.jpg,570,404,mush,67,53,464,351
11,0665_oAzt25TNZeQ.jpg,900,643,mush,103,65,546,570
12,0666_9eWtHr3ssoA.jpg,900,643,mush,135,162,588,578
13,0667_nlKe6_hgEOA.jpg,900,643,mush,348,104,717,570
14,0668_UkuZI-88mIw.jpg,570,428,mush,64,50,343,367
15,0668_UkuZI-88mIw.jpg,570,428,mush,246,31,491,361
16,0669_7NHsufV1sCo.jpg,570,428,mush,15,26,521,400
17,0670_K_TCbzxFUGM.jpg,570,428,mush,35,106,341,366
18,0670_K_TCbzxFUGM.jpg,570,428,mush,302,124,531,386
19,0671_xCDOw_Oy2XA.jpg,570,428,mush,34,63,530,393
20,0672_ldAD3cFyv1Y.jpg,570,428,mush,105,45,427,393
21,0673_4XARZIh11hY.jpg,600,456,mush,20,76,351,363
22,0673_4XARZIh11hY.jpg,600,456,mush,253,263,425,420
23,0673_4XARZIh11hY.jpg,600,456,mush,384,181,573,362
24,0674_yONsPYgW23A.jpg,600,460,mush,61,21,545,441
25,0675_h_3BuaN_R1s.jpg,700,534,mush,39,106,398,465
26,0675_h_3BuaN_R1s.jpg,700,534,mush,402,208,676,471
27,0676_o0850yFPD4Q.jpg,700,521,mush,27,31,386,485
28,0676_o0850yFPD4Q.jpg,700,521,mush,399,46,670,449
29,0677_Tu09unVObY4.jpg,700,525,mush,136,42,528,454
30,0678__muRlhWUIzk.jpg,700,534,mush,19,112,216,290
31,0678__muRlhWUIzk.jpg,700,534,mush,133,160,387,422
32,0678__muRlhWUIzk.jpg,700,534,mush,375,133,685,385
33,0680_vtlIVIeRelI.jpg,640,395,mush,13,156,173,306
34,0680_vtlIVIeRelI.jpg,640,395,mush,110,73,239,201
35,0680_vtlIVIeRelI.jpg,640,395,mush,231,36,409,174
36,0680_vtlIVIeRelI.jpg,640,395,mush,189,168,350,304
37,0680_vtlIVIeRelI.jpg,640,395,mush,352,143,465,292
38,0680_vtlIVIeRelI.jpg,640,395,mush,357,141,632,338
39,0681_9ENTG8grRq4.jpg,800,533,mush,13,148,403,484
40,0681_9ENTG8grRq4.jpg,800,533,mush,295,37,523,313
41,0681_9ENTG8grRq4.jpg,800,533,mush,448,57,705,321
42,0681_9ENTG8grRq4.jpg,800,533,mush,574,198,773,406
43,0682_KUHBhuaPje4.jpg,800,600,mush,71,147,307,385
44,0682_KUHBhuaPje4.jpg,800,600,mush,301,68,741,480
45,0683_NGGr1r2A7_M.jpg,800,660,mush,3,1,797,656
46,0684_vMnFJrCY0pg.jpg,800,600,mush,71,115,421,442
47,0684_vMnFJrCY0pg.jpg,800,600,mush,347,248,562,518
48,0684_vMnFJrCY0pg.jpg,800,600,mush,470,182,719,439
49,0685__cYSLQ5r20c.jpg,800,600,mush,140,183,386,470
50,0685__cYSLQ5r20c.jpg,800,600,mush,297,281,455,482
51,0685__cYSLQ5r20c.jpg,800,600,mush,421,300,672,532
52,0686_HDMT9DDObck.jpg,801,535,mush,44,130,262,401
53,0686_HDMT9DDObck.jpg,801,535,mush,226,85,533,309
54,0686_HDMT9DDObck.jpg,801,535,mush,434,300,582,460
55,0686_HDMT9DDObck.jpg,801,535,mush,548,174,730,377
56,0687_OAh8DHQ9Ejw.jpg,800,600,mush,139,313,305,478
57,0687_OAh8DHQ9Ejw.jpg,800,600,mush,234,226,394,445
58,0687_OAh8DHQ9Ejw.jpg,800,600,mush,385,104,668,463
59,0688_PnSNu8_1s0U.jpg,650,488,mush,16,114,239,365
60,0688_PnSNu8_1s0U.jpg,650,488,mush,190,77,406,325
61,0688_PnSNu8_1s0U.jpg,650,488,mush,341,74,480,287
62,0688_PnSNu8_1s0U.jpg,650,488,mush,379,215,648,402
63,0689_sAAHTDxclQo.jpg,650,395,mush,11,130,205,313
64,0689_sAAHTDxclQo.jpg,650,395,mush,183,107,394,337
65,0689_sAAHTDxclQo.jpg,650,395,mush,440,37,636,220
66,0690_TP0uLk0F4kE.jpg,650,488,mush,28,12,285,362
67,0690_TP0uLk0F4kE.jpg,650,488,mush,278,156,533,421
68,0690_TP0uLk0F4kE.jpg,650,488,mush,480,183,638,372
69,0333_aDi20Zpikfw.jpg,800,600,mush,1,1,796,537
70,0334_22pw0oJv21I.jpg,800,600,mush,50,119,342,381
71,0334_22pw0oJv21I.jpg,800,600,mush,316,92,731,422
72,0335_DlNjpA2XKB8.jpg,800,600,mush,160,116,626,474
73,0336__FEoILXRJaU.jpg,800,600,mush,140,44,313,272
74,0336__FEoILXRJaU.jpg,800,600,mush,279,274,561,476
75,0337_LzJJGUGOPoc.jpg,620,478,mush,41,83,416,405
76,0337_LzJJGUGOPoc.jpg,620,478,mush,341,280,529,435
77,0338_nQ3p9UmU-zo.jpg,960,719,mush,29,214,383,654
78,0338_nQ3p9UmU-zo.jpg,960,719,mush,335,243,563,601
79,0338_nQ3p9UmU-zo.jpg,960,719,mush,518,259,846,626
80,0339_oELtr8piAEc.jpg,620,443,mush,50,132,257,301
81,0339_oELtr8piAEc.jpg,620,443,mush,210,223,323,322
82,0339_oELtr8piAEc.jpg,620,443,mush,258,153,470,332
83,0340_6OUaPwOu0Us.jpg,900,643,mush,69,69,718,563
84,0341_qbTODK12c2Q.jpg,620,465,mush,44,180,257,388
85,0341_qbTODK12c2Q.jpg,620,465,mush,119,46,564,413
86,0342_ClYhyGuNiik.jpg,570,404,mush,39,180,242,328
87,0342_ClYhyGuNiik.jpg,570,404,mush,289,86,536,300
88,0343_bk4U5tF-Po4.jpg,570,404,mush,141,93,296,337
89,0343_bk4U5tF-Po4.jpg,570,404,mush,226,250,301,365
90,0343_bk4U5tF-Po4.jpg,570,404,mush,277,221,392,366
91,0343_bk4U5tF-Po4.jpg,570,404,mush,264,26,514,334
92,0344_3nzDfs3jlQQ.jpg,900,675,mush,118,117,591,574
93,0345_CtiMi7Ow-y0.jpg,900,643,mush,349,92,791,550
94,0346_uMtSar_Hi1U.jpg,900,643,mush,270,370,487,546
95,0346_uMtSar_Hi1U.jpg,900,643,mush,404,173,787,513
96,0347_j7cz7THh2xE.jpg,570,428,mush,74,152,256,389
97,0347_j7cz7THh2xE.jpg,570,428,mush,184,33,522,348
98,0348_k-Aq_Awky3c.jpg,700,525,mush,79,31,345,294
99,0348_k-Aq_Awky3c.jpg,700,525,mush,153,118,532,486
100,0350_ml8rPyabKo8.jpg,570,388,mush,45,20,444,350
101,0351_kx776OYmFXg.jpg,1024,718,mush,449,46,864,613
102,0352_LzZEIOM1SwU.jpg,620,465,mush,73,83,446,429
103,0353_MlyIEz0FMCg.jpg,570,418,mush,111,133,504,370
104,0354_2DIz4hLpOfQ.jpg,1024,682,mush,133,131,441,460
105,0354_2DIz4hLpOfQ.jpg,1024,682,mush,350,259,613,538
106,0355_cl1mctVooVU.jpg,850,603,mush,240,149,562,545
107,0356_V4uLMjXXf8I.jpg,904,800,mush,99,325,474,652
108,0356_V4uLMjXXf8I.jpg,904,800,mush,541,377,783,646
109,0357_fHl5MX61zeU.jpg,570,427,mush,18,148,209,317
110,0357_fHl5MX61zeU.jpg,570,427,mush,184,128,399,318
111,0357_fHl5MX61zeU.jpg,570,427,mush,375,100,547,288
112,0357_fHl5MX61zeU.jpg,570,427,mush,109,78,399,151
113,0358_MmNt3oIzcU8.jpg,570,411,mush,28,30,478,310
114,0359_qMkofLl6-o8.jpg,800,600,mush,50,328,231,500
115,0359_qMkofLl6-o8.jpg,800,600,mush,182,116,745,528
116,0360_G0WxadhM43Q.jpg,1024,683,mush,135,186,955,612
117,0361_VKM0NjD4_Ug.jpg,1100,734,mush,349,288,638,561
118,0361_VKM0NjD4_Ug.jpg,1100,734,mush,638,225,1020,600
119,0362_Mq7MCZL_jnU.jpg,570,428,mush,309,50,373,98
120,0362_Mq7MCZL_jnU.jpg,570,428,mush,207,154,295,233
121,0362_Mq7MCZL_jnU.jpg,570,428,mush,236,222,308,279
122,0362_Mq7MCZL_jnU.jpg,570,428,mush,298,176,376,269
123,0362_Mq7MCZL_jnU.jpg,570,428,mush,268,145,330,198
124,0362_Mq7MCZL_jnU.jpg,570,428,mush,241,285,379,407
125,0363_BtrSvDwVopg.jpg,570,428,mush,37,87,341,405
126,0363_BtrSvDwVopg.jpg,570,428,mush,207,42,448,320
127,0364_k5XlTevr7tk.jpg,750,540,mush,47,109,402,386
128,0364_k5XlTevr7tk.jpg,750,540,mush,357,116,684,348
129,0365_w3QgqqeP-C8.jpg,570,404,mush,93,32,485,388
130,0366_u7OWUN-ETZ4.jpg,570,404,mush,107,61,532,369
131,0367_y_bdtipdjNw.jpg,900,675,mush,271,78,854,639
132,0368_8usR70eqMT0.jpg,900,675,mush,66,393,310,607
133,0368_8usR70eqMT0.jpg,900,675,mush,236,225,609,611
134,0368_8usR70eqMT0.jpg,900,675,mush,564,461,698,611
135,0368_8usR70eqMT0.jpg,900,675,mush,675,450,877,618
136,0369_e4vWWb__JOk.jpg,900,675,mush,131,341,469,597
137,0369_e4vWWb__JOk.jpg,900,675,mush,457,300,840,634
138,0370_V4tjqJfuM-U.jpg,900,675,mush,109,109,779,628
139,0371_Q6l2TW_nkHg.jpg,900,675,mush,119,125,574,581
140,0371_Q6l2TW_nkHg.jpg,900,675,mush,494,219,810,624
141,0372_EVEx-OOzR1U.jpg,800,600,mush,75,172,556,531
142,0372_EVEx-OOzR1U.jpg,800,600,mush,470,360,643,542
143,0373_ugdTzFtBdVY.jpg,800,600,mush,279,30,771,465
144,0374_9cK15YXekCo.jpg,800,600,mush,129,78,670,565
145,0375_bspOOJx2OdQ.jpg,800,600,mush,145,134,663,520
146,0376_-jmyga_xB1w.jpg,800,600,mush,60,49,677,547
147,0377_BL5s8rjAmTU.jpg,800,600,mush,70,191,587,542
148,0378_2HJE6rcL3rI.jpg,800,600,mush,46,99,441,514
149,0378_2HJE6rcL3rI.jpg,800,600,mush,428,144,749,503
150,0379_-oufP-GKyNc.jpg,980,653,mush,414,154,809,579
151,0380__dY7DF71bpo.jpg,1100,733,mush,446,200,887,602
152,0381__eEamfuz0z8.jpg,900,650,mush,159,211,576,577
153,0382_oOHEW-PZWN8.jpg,980,653,mush,339,116,816,574
154,0383_cBGWFDFdMlU.jpg,900,600,mush,481,82,603,200
155,0383_cBGWFDFdMlU.jpg,900,600,mush,256,187,563,449
156,0383_cBGWFDFdMlU.jpg,900,600,mush,477,268,780,496
157,0384_4u6H12DINpQ.jpg,800,533,mush,236,135,497,448
158,0385_r1g4fyLptqo.jpg,570,403,mush,45,75,527,364
159,0386_lDI9ZoTcG60.jpg,570,404,mush,77,11,419,353
160,0387_v0-YDM5pAc4.jpg,570,404,mush,73,24,428,338
161,0388_M54uL5T9TkM.jpg,570,406,mush,46,30,471,342
162,0389_0JyXXhUlOsw.jpg,570,404,mush,102,41,337,353
163,0389_0JyXXhUlOsw.jpg,570,404,mush,321,74,517,359
164,0390_Scf6SD6Tx0g.jpg,570,428,mush,78,52,452,396
165,0391_s9Ag92abtK8.jpg,1000,667,mush,117,189,725,612
166,0392_neQZvBCY-i8.jpg,1000,750,mush,128,131,646,701
167,0393__NkISmQ-stM.jpg,1000,667,mush,216,214,606,585
168,0393__NkISmQ-stM.jpg,1000,667,mush,531,98,897,520
169,0394_X8VIufuy6_A.jpg,1000,750,mush,312,123,836,692
170,0395_jZFg843mP4g.jpg,1024,768,mush,394,81,942,694
171,0396_SY7PYfYNq88.jpg,1024,768,mush,296,93,924,680
172,0397_TNKqnMNplfU.jpg,570,404,mush,72,37,432,378
173,0398_5b-zJ94MXQk.jpg,570,428,mush,92,32,465,344
174,0399_IhQNaTkt2Ys.jpg,570,662,mush,42,220,530,531
175,0400_69AtRsAv4GI.jpg,922,730,mush,94,79,861,568
176,0401_QhmQuY4tUNY.jpg,924,730,mush,106,208,405,618
177,0401_QhmQuY4tUNY.jpg,924,730,mush,370,65,789,616
178,0401_QhmQuY4tUNY.jpg,924,730,mush,282,190,461,489
179,0402_FMi_AoclE2c.jpg,973,730,mush,195,128,777,600
180,0403_rRdvQZDwrR4.jpg,740,730,mush,181,89,542,439
181,0403_rRdvQZDwrR4.jpg,740,730,mush,334,384,545,606
182,0403_rRdvQZDwrR4.jpg,740,730,mush,198,398,333,529
183,0404_AJZ1nJUYleo.jpg,900,718,mush,55,185,456,540
184,0404_AJZ1nJUYleo.jpg,900,718,mush,407,163,794,543
185,0405_mPCLjq_-TpU.jpg,1000,769,mush,154,172,441,569
186,0405_mPCLjq_-TpU.jpg,1000,769,mush,284,213,552,595
187,0405_mPCLjq_-TpU.jpg,1000,769,mush,538,204,865,586
188,0406_Z6Jh0ePcXxA.jpg,1000,750,mush,341,203,704,615
189,0407_maC7O4UKDss.jpg,950,696,mush,155,220,575,506
190,0407_maC7O4UKDss.jpg,950,696,mush,511,249,753,499
191,0407_maC7O4UKDss.jpg,950,696,mush,440,191,627,268
192,0408_oOp23x87A3E.jpg,595,451,mush,81,36,440,387
193,0409_oxE2xKMEw4Y.jpg,900,600,mush,87,91,635,492
194,0410_jhaHnXdb-IM.jpg,900,606,mush,319,95,795,507
195,0411_lm5CdpdZXbc.jpg,900,609,mush,79,136,504,526
196,0411_lm5CdpdZXbc.jpg,900,609,mush,494,162,713,459
197,0412_gjL0ksQP7tY.jpg,900,628,mush,109,152,571,523
198,0413_80QHP2RcznA.jpg,900,635,mush,305,107,781,558
199,0414_-qp8x3ab9dc.jpg,800,568,mush,94,135,384,395
200,0414_-qp8x3ab9dc.jpg,800,568,mush,276,141,629,474
201,0415_A86tU7eEb4k.jpg,800,567,mush,229,152,536,441
202,0415_A86tU7eEb4k.jpg,800,567,mush,496,255,706,463
203,0416_OJgPHqbJXos.jpg,800,600,mush,252,170,684,535
204,0417_Ph-Kmv53eDE.jpg,1000,667,mush,109,261,458,615
205,0417_Ph-Kmv53eDE.jpg,1000,667,mush,443,270,691,535
206,0417_Ph-Kmv53eDE.jpg,1000,667,mush,669,373,884,587
207,0418_Qv30clhXMLU.jpg,570,428,mush,43,45,552,399
208,0419_Cl4EMlssBM4.jpg,570,428,mush,410,195,536,244
209,0420_ufbAg0xYcjA.jpg,570,380,mush,66,104,250,331
210,0420_ufbAg0xYcjA.jpg,570,380,mush,198,24,488,347
211,0421_w0MuXP6N0qg.jpg,1000,667,mush,252,152,589,534
212,0421_w0MuXP6N0qg.jpg,1000,667,mush,62,133,313,468
213,0421_w0MuXP6N0qg.jpg,1000,667,mush,268,78,461,210
214,0421_w0MuXP6N0qg.jpg,1000,667,mush,461,49,911,488
215,0422_s4HhKpuGXTY.jpg,800,600,mush,293,85,659,508
216,0423_8bdTVO1zi5E.jpg,950,700,mush,226,157,851,608
217,0424_uauxZ0OBcgI.jpg,950,700,mush,90,98,729,612
218,0425_Y2M-zrZBgSs.jpg,570,408,mush,58,67,509,349
219,0426_LWjQTfRMiXo.jpg,1024,768,mush,337,199,891,685
220,0427_TmfTvLtPu4U.jpg,850,638,mush,317,135,723,573
221,0428__jGeR-RjsfU.jpg,850,638,mush,207,222,747,543
222,0429_H6U_621RP4g.jpg,950,712,mush,354,198,815,592
223,0430_EfZRbD-1yAI.jpg,950,633,mush,83,211,648,509
224,0431_VrRhpPa4gk4.jpg,950,713,mush,88,308,421,676
225,0431_VrRhpPa4gk4.jpg,950,713,mush,345,150,798,595
226,0432_YdiV-Y2GuW4.jpg,950,713,mush,390,172,734,607
227,0433_-hiPgVGxeDI.jpg,950,713,mush,264,262,732,645
228,0434_O7jcmoZyGDM.jpg,950,713,mush,192,223,618,623
229,0435_AYpD6ZvVRCM.jpg,620,465,mush,362,175,543,331
230,0435_AYpD6ZvVRCM.jpg,620,465,mush,46,105,216,216
231,0436_o9kZzWbTOV8.jpg,920,657,mush,141,182,622,534
232,0437_CG049PMKtX0.jpg,570,381,mush,157,42,535,341
233,0438_eJ_6u5GnCzQ.jpg,800,600,mush,97,66,566,479
234,0438_eJ_6u5GnCzQ.jpg,800,600,mush,458,237,722,511
235,0439_O6QzBvZavTM.jpg,800,600,mush,147,204,280,445
236,0439_O6QzBvZavTM.jpg,800,600,mush,217,189,398,465
237,0439_O6QzBvZavTM.jpg,800,600,mush,355,176,501,440
238,0439_O6QzBvZavTM.jpg,800,600,mush,450,237,544,424
239,0439_O6QzBvZavTM.jpg,800,600,mush,536,320,608,420
240,0439_O6QzBvZavTM.jpg,800,600,mush,605,285,748,452
241,0440_YpIhvdAWiFU.jpg,800,600,mush,135,139,379,534
242,0441_NRpxd6koeLY.jpg,800,600,mush,99,88,516,543
243,0442_I5BD-18m5Yw.jpg,780,585,mush,8,174,325,538
244,0442_I5BD-18m5Yw.jpg,780,585,mush,196,104,457,474
245,0442_I5BD-18m5Yw.jpg,780,585,mush,448,146,769,404
246,0443_CklU1azzkcU.jpg,800,600,mush,52,190,269,528
247,0443_CklU1azzkcU.jpg,800,600,mush,171,50,407,369
248,0443_CklU1azzkcU.jpg,800,600,mush,361,53,547,330
249,0443_CklU1azzkcU.jpg,800,600,mush,326,263,652,539
250,0444_W99hgW8V36Y.jpg,800,600,mush,31,204,353,500
251,0444_W99hgW8V36Y.jpg,800,600,mush,232,26,447,343
252,0444_W99hgW8V36Y.jpg,800,600,mush,451,162,634,467
253,0445_J-EGB6gW7IY.jpg,800,600,mush,134,124,368,538
254,0446_xHS1WNA5GOs.jpg,799,600,mush,1,1,799,600
255,0447_6qtWi0zeAAU.jpg,800,600,mush,28,101,399,529
256,0447_6qtWi0zeAAU.jpg,800,600,mush,432,70,779,501
257,0448_w8nijKbBuag.jpg,800,536,mush,176,70,800,525
258,0449_dUq0m_nPYOk.jpg,800,600,mush,1,24,800,600
259,0450_ztcgqYR4bWA.jpg,1000,717,mush,171,123,754,625
260,0451_nnIOVHVnK0s.jpg,620,413,mush,120,239,223,340
261,0451_nnIOVHVnK0s.jpg,620,413,mush,171,133,385,329
262,0452_U3afb-GXO1s.jpg,570,404,mush,51,62,421,345
263,0453_Vxih7zBFtRs.jpg,570,404,mush,59,82,257,273
264,0453_Vxih7zBFtRs.jpg,570,404,mush,238,99,483,360
265,0454_nvGChgF_zDg.jpg,570,404,mush,26,50,359,297
266,0454_nvGChgF_zDg.jpg,570,404,mush,302,125,549,361
267,0455_Up1hHdxJj-4.jpg,570,427,mush,126,119,373,364
268,0455_Up1hHdxJj-4.jpg,570,427,mush,332,201,525,369
269,0456_4PvzXvha2Dk.jpg,900,643,mush,88,120,444,545
270,0457_lZNPtp0I8xY.jpg,900,635,mush,341,290,812,547
271,0458_XMos_c-6qGY.jpg,950,679,mush,34,257,288,619
272,0458_XMos_c-6qGY.jpg,950,679,mush,126,171,379,544
273,0458_XMos_c-6qGY.jpg,950,679,mush,296,235,633,643
274,0459_M7iTaFS8YUA.jpg,570,428,mush,8,152,266,366
275,0459_M7iTaFS8YUA.jpg,570,428,mush,201,61,382,330
276,0459_M7iTaFS8YUA.jpg,570,428,mush,318,208,536,386
277,0460_5piI3gaPGXg.jpg,570,428,mush,27,64,278,353
278,0460_5piI3gaPGXg.jpg,570,428,mush,291,87,541,361
279,0461_J5WnfbW9Q5w.jpg,570,437,mush,55,132,548,400
280,0463_xc9fOCI9cW4.jpg,800,600,mush,595,172,759,374
281,0463_xc9fOCI9cW4.jpg,800,600,mush,395,119,535,308
282,0463_xc9fOCI9cW4.jpg,800,600,mush,45,194,368,397
283,0463_xc9fOCI9cW4.jpg,800,600,mush,124,119,360,298
284,0464_qNnhZC_LsDU.jpg,570,380,mush,59,79,296,376
285,0464_qNnhZC_LsDU.jpg,570,380,mush,328,58,556,358
286,0465_GzdEzc0lA5A.jpg,570,430,mush,30,99,259,358
287,0465_GzdEzc0lA5A.jpg,570,430,mush,153,78,528,378
288,0465_GzdEzc0lA5A.jpg,570,430,mush,403,215,550,377
289,0466_jHfwoWBmK2c.jpg,570,428,mush,49,36,293,314
290,0466_jHfwoWBmK2c.jpg,570,428,mush,254,91,544,359
291,0467_CZX8JSbtEwQ.jpg,570,430,mush,21,101,224,372
292,0467_CZX8JSbtEwQ.jpg,570,430,mush,126,110,371,320
293,0467_CZX8JSbtEwQ.jpg,570,430,mush,242,39,536,339
294,0468_h5rrOHMWOHs.jpg,570,428,mush,10,103,291,317
295,0468_h5rrOHMWOHs.jpg,570,428,mush,282,99,558,346
296,0469_Uxq6BW1aJaA.jpg,570,428,mush,34,125,226,272
297,0469_Uxq6BW1aJaA.jpg,570,428,mush,346,106,553,351
298,0469_Uxq6BW1aJaA.jpg,570,428,mush,222,80,338,321
299,0470_dzgNLjhmV-s.jpg,620,450,mush,47,113,281,378
300,0470_dzgNLjhmV-s.jpg,620,450,mush,244,151,454,358
301,0470_dzgNLjhmV-s.jpg,620,450,mush,182,64,365,166
302,0471_lxzgCXnZUlM.jpg,650,488,mush,27,226,312,470
303,0471_lxzgCXnZUlM.jpg,650,488,mush,246,20,636,376
304,0472_ekalG7BxG5o.jpg,800,600,mush,24,240,257,471
305,0472_ekalG7BxG5o.jpg,800,600,mush,120,42,526,452
306,0472_ekalG7BxG5o.jpg,800,600,mush,388,142,775,456
307,0473_x9mm3RQN3OQ.jpg,650,446,mush,33,109,305,426
308,0473_x9mm3RQN3OQ.jpg,650,446,mush,316,174,592,385
309,0474_15UoxTZMyWY.jpg,650,408,mush,34,130,384,389
310,0474_15UoxTZMyWY.jpg,650,408,mush,377,156,624,370
311,0475_Fb1e32XOWTY.jpg,800,600,mush,30,266,301,549
312,0475_Fb1e32XOWTY.jpg,800,600,mush,233,244,395,443
313,0475_Fb1e32XOWTY.jpg,800,600,mush,432,297,721,564
314,0475_Fb1e32XOWTY.jpg,800,600,mush,304,33,588,368
315,0475_Fb1e32XOWTY.jpg,800,600,mush,563,92,747,358
316,0475_Fb1e32XOWTY.jpg,800,600,mush,118,79,327,288
317,0476_qTLS2LtmH20.jpg,800,600,mush,34,291,238,393
318,0476_qTLS2LtmH20.jpg,800,600,mush,86,374,216,510
319,0476_qTLS2LtmH20.jpg,800,600,mush,156,148,575,363
320,0476_qTLS2LtmH20.jpg,800,600,mush,555,202,754,458
321,0477_9iIVJAc2VyI.jpg,665,600,mush,23,41,290,376
322,0477_9iIVJAc2VyI.jpg,665,600,mush,235,17,603,380
323,0478_IqIYZ5z8ZaA.jpg,749,600,mush,43,75,470,464
324,0478_IqIYZ5z8ZaA.jpg,749,600,mush,429,404,513,517
325,0478_IqIYZ5z8ZaA.jpg,749,600,mush,468,317,563,484
326,0478_IqIYZ5z8ZaA.jpg,749,600,mush,540,191,709,453
327,0479_NI5klx_RNjQ.jpg,741,600,mush,35,305,237,486
328,0479_NI5klx_RNjQ.jpg,741,600,mush,210,285,392,458
329,0479_NI5klx_RNjQ.jpg,741,600,mush,41,244,217,319
330,0479_NI5klx_RNjQ.jpg,741,600,mush,51,157,241,256
331,0479_NI5klx_RNjQ.jpg,741,600,mush,197,144,379,278
332,0479_NI5klx_RNjQ.jpg,741,600,mush,374,170,526,369
333,0479_NI5klx_RNjQ.jpg,741,600,mush,492,158,708,381
334,0480_FL3ORr2-fQE.jpg,800,600,mush,112,192,415,456
335,0480_FL3ORr2-fQE.jpg,800,600,mush,373,283,727,516
336,0480_FL3ORr2-fQE.jpg,800,600,mush,316,98,471,271
337,0480_FL3ORr2-fQE.jpg,800,600,mush,456,126,581,226
338,0480_FL3ORr2-fQE.jpg,800,600,mush,463,204,595,329
339,0481_ojgHZeyNv6o.jpg,800,600,mush,49,110,259,347
340,0481_ojgHZeyNv6o.jpg,800,600,mush,254,137,416,272
341,0481_ojgHZeyNv6o.jpg,800,600,mush,260,242,449,428
342,0481_ojgHZeyNv6o.jpg,800,600,mush,479,196,725,441
343,0482_bwKqTN52ZY0.jpg,800,600,mush,202,191,525,541
344,0482_bwKqTN52ZY0.jpg,800,600,mush,445,192,709,536
345,0484_PEw3oy9IASs.jpg,620,430,mush,63,60,300,321
346,0484_PEw3oy9IASs.jpg,620,430,mush,251,132,473,379
347,0484_PEw3oy9IASs.jpg,620,430,mush,176,314,268,407
348,0485_2M-1Jj2XXfU.jpg,570,404,mush,97,52,544,353
349,0486_rETuEdfpsIc.jpg,600,450,mush,121,58,510,397
350,0487_V0mcOZZWsYc.jpg,600,450,mush,49,259,197,373
351,0487_V0mcOZZWsYc.jpg,600,450,mush,139,43,376,309
352,0487_V0mcOZZWsYc.jpg,600,450,mush,339,134,541,345
353,0488_PWpLAlmZemU.jpg,600,450,mush,84,69,524,389
354,0489_2pfGcSJLMWo.jpg,920,608,mush,46,78,532,434
355,0489_2pfGcSJLMWo.jpg,920,608,mush,387,282,703,513
356,0489_2pfGcSJLMWo.jpg,920,608,mush,542,81,883,423
357,0490_ZfxH4YefrDo.jpg,920,640,mush,98,164,401,478
358,0490_ZfxH4YefrDo.jpg,920,640,mush,407,81,812,258
359,0490_ZfxH4YefrDo.jpg,920,640,mush,440,255,701,554
360,0491_QIi-0usvzxE.jpg,950,713,mush,394,129,787,530
361,0492_RW_UrQc4VUQ.jpg,1024,683,mush,99,84,523,487
362,0492_RW_UrQc4VUQ.jpg,1024,683,mush,603,230,921,608
363,0493_yHewbtiy4_s.jpg,1024,683,mush,51,111,630,457
364,0493_yHewbtiy4_s.jpg,1024,683,mush,462,246,966,602
365,0494_cHWzorAN3Ns.jpg,1024,683,mush,162,64,740,606
366,0495_p6LUEE4WhzQ.jpg,1024,683,mush,154,97,880,580
367,0496_oW-MXvWIdeg.jpg,1024,683,mush,154,104,794,586
368,0497_RxvYWb7IEFo.jpg,620,441,mush,76,40,449,380
369,0498_XTK-Cv7Ll2c.jpg,966,701,mush,138,53,733,596
370,0499_JpiFc8bt7gA.jpg,950,642,mush,50,59,490,542
371,0499_JpiFc8bt7gA.jpg,950,642,mush,426,86,904,551
372,0500_UsEiTEMkdjs.jpg,950,659,mush,106,80,733,547
373,0501_RcynfiUwksM.jpg,570,427,mush,81,66,515,391
374,0502_QDbTabt_vew.jpg,570,427,mush,22,181,278,365
375,0502_QDbTabt_vew.jpg,570,427,mush,193,76,473,302
376,0502_QDbTabt_vew.jpg,570,427,mush,357,186,566,336
377,0503_BvJXKWoAkLY.jpg,570,427,mush,57,32,423,376
378,0504_mmX1KnA8XxM.jpg,570,427,mush,188,76,543,400
379,0505_juKl9dnAkRo.jpg,1024,718,mush,32,198,501,547
380,0505_juKl9dnAkRo.jpg,1024,718,mush,503,135,962,531
381,0506_KBa20W20SLY.jpg,1024,788,mush,73,272,317,610
382,0506_KBa20W20SLY.jpg,1024,788,mush,251,56,896,637
383,0507_s5LwdPfx9sU.jpg,620,775,mush,1,91,335,286
384,0507_s5LwdPfx9sU.jpg,620,775,mush,335,130,599,324
385,0507_s5LwdPfx9sU.jpg,620,775,mush,348,321,620,608
386,0508_Lto3u7irFvM.jpg,800,600,mush,115,45,618,486
387,0509_aKd6ZXsm_wM.jpg,620,465,mush,116,20,502,243
388,0510_L3c4caSE-PM.jpg,1024,683,mush,34,149,444,514
389,0510_L3c4caSE-PM.jpg,1024,683,mush,449,45,1005,667
390,0511_EcBHAv8GQFg.jpg,1037,733,mush,157,138,657,655
391,0512_uqwCpytMufc.jpg,570,428,mush,30,147,186,331
392,0512_uqwCpytMufc.jpg,570,428,mush,157,203,276,342
393,0512_uqwCpytMufc.jpg,570,428,mush,174,87,312,207
394,0512_uqwCpytMufc.jpg,570,428,mush,269,176,426,340
395,0512_uqwCpytMufc.jpg,570,428,mush,377,121,531,307
396,0513_M5Q-u5HDgBc.jpg,700,527,mush,35,46,354,452
397,0513_M5Q-u5HDgBc.jpg,700,527,mush,252,124,671,470
398,0514_g9JWriAJwAA.jpg,700,536,mush,94,37,670,487
399,0515_fH8FRrp-Rc4.jpg,1024,768,mush,48,397,347,636
400,0515_fH8FRrp-Rc4.jpg,1024,768,mush,174,114,975,532
401,0516_jSgZvx-y_IA.jpg,570,428,mush,107,33,470,360
402,0517_Nj5JDe6oXYw.jpg,800,600,mush,29,67,666,487
403,0518_sFsFtl0HmUo.jpg,800,533,mush,180,65,671,454
404,0519_sMcWvENNq9A.jpg,500,333,mush,25,23,293,301
405,0519_sMcWvENNq9A.jpg,500,333,mush,236,103,448,305
406,0520_PmbzKnYG8eY.jpg,1000,667,mush,28,113,428,565
407,0520_PmbzKnYG8eY.jpg,1000,667,mush,433,358,680,629
408,0520_PmbzKnYG8eY.jpg,1000,667,mush,694,347,926,606
409,0520_PmbzKnYG8eY.jpg,1000,667,mush,536,121,961,378
410,0521_5LdlmFwKM7A.jpg,1000,667,mush,300,256,554,593
411,0521_5LdlmFwKM7A.jpg,1000,667,mush,454,45,915,586
412,0522_Pk5NXIk9smQ.jpg,1000,667,mush,99,72,849,611
413,0523_AHScRk3LD5k.jpg,800,600,mush,180,57,650,532
414,0524__Qf-4DWVIS8.jpg,570,380,mush,134,61,453,344
415,0525_zpCS2ywC-_E.jpg,950,713,mush,200,164,637,608
416,0526_o3CanAKJqsc.jpg,950,713,mush,326,198,851,618
417,0527_-7N8CwtuWOI.jpg,950,713,mush,356,144,757,621
418,0528_NdUqm5SADlE.jpg,950,679,mush,279,105,761,602
419,0529_7VHfJSqEhoc.jpg,1100,825,mush,310,144,1034,718
420,0530_Ms92fWmOsy8.jpg,1024,768,mush,269,122,943,714
421,0531_KKdgfUVB2eY.jpg,1024,768,mush,295,179,899,727
422,0532_u-tWn-M1ors.jpg,1024,768,mush,66,137,638,667
423,0532_u-tWn-M1ors.jpg,1024,768,mush,603,238,951,629
424,0533_hddy4TEnNjA.jpg,1024,663,mush,282,303,567,639
425,0533_hddy4TEnNjA.jpg,1024,663,mush,410,74,892,568
426,0534_v8HibBw0teU.jpg,1024,694,mush,51,162,418,584
427,0534_v8HibBw0teU.jpg,1024,694,mush,352,105,863,569
428,0535_ki7kyWBgtj0.jpg,800,584,mush,136,78,405,350
429,0535_ki7kyWBgtj0.jpg,800,584,mush,362,70,648,324
430,0535_ki7kyWBgtj0.jpg,800,584,mush,558,255,774,478
431,0535_ki7kyWBgtj0.jpg,800,584,mush,31,232,299,490
432,0536_ZlDKe19OvHQ.jpg,800,532,mush,1,1,799,529
433,0539_8ikj0N5X6Wc.jpg,700,525,mush,39,279,230,517
434,0539_8ikj0N5X6Wc.jpg,700,525,mush,196,214,410,461
435,0539_8ikj0N5X6Wc.jpg,700,525,mush,405,263,614,493
436,0539_8ikj0N5X6Wc.jpg,700,525,mush,87,119,251,293
437,0539_8ikj0N5X6Wc.jpg,700,525,mush,260,106,427,262
438,0539_8ikj0N5X6Wc.jpg,700,525,mush,418,96,534,191
439,0539_8ikj0N5X6Wc.jpg,700,525,mush,431,181,546,295
440,0539_8ikj0N5X6Wc.jpg,700,525,mush,540,205,629,297
441,0540_bxRHBJmIXH0.jpg,497,600,mush,42,6,422,596
442,0541_bFnaOOnyWr0.jpg,800,556,mush,153,36,745,556
443,0542_T561ijqB96E.jpg,719,600,mush,3,20,718,599
444,0543_QhkqzzG4fXw.jpg,800,536,mush,26,1,800,534
445,0544_ey6soXXSAoY.jpg,800,525,mush,75,22,649,426
446,0547_I0TAoRXwrsA.jpg,800,470,mush,20,157,305,394
447,0547_I0TAoRXwrsA.jpg,800,470,mush,178,51,446,314
448,0547_I0TAoRXwrsA.jpg,800,470,mush,389,86,664,313
449,0547_I0TAoRXwrsA.jpg,800,470,mush,542,207,780,434
450,0548_l1jvuazsjYI.jpg,980,723,mush,292,69,829,654
451,0549_wAOaeYwIGqs.jpg,980,747,mush,166,139,697,675
452,0550_I_2FVWEa6YI.jpg,960,700,mush,139,288,556,634
453,0551_xiALBJABq4k.jpg,960,709,mush,163,268,612,658
454,0552_Sm0FWjXpCUA.jpg,1024,684,mush,1,2,1024,684
455,0554_xoVmdsHP8pI.jpg,620,465,mush,155,124,478,421
456,0555_Fhz6rxYuyXw.jpg,760,570,mush,175,156,474,399
457,0555_Fhz6rxYuyXw.jpg,760,570,mush,456,242,701,496
458,0556_KIL6F7_9NjI.jpg,800,576,mush,46,260,278,539
459,0556_KIL6F7_9NjI.jpg,800,576,mush,265,56,674,313
460,0556_KIL6F7_9NjI.jpg,800,576,mush,397,310,727,535
461,0558_lVtFXQpxWfg.jpg,800,600,mush,39,203,325,535
462,0558_lVtFXQpxWfg.jpg,800,600,mush,235,135,437,341
463,0558_lVtFXQpxWfg.jpg,800,600,mush,374,202,764,506
464,0559_aY-RtipPUmc.jpg,800,533,mush,405,129,634,357
465,0559_aY-RtipPUmc.jpg,800,533,mush,91,23,415,368
466,0559_aY-RtipPUmc.jpg,800,533,mush,304,310,476,468
467,0559_aY-RtipPUmc.jpg,800,533,mush,600,300,779,519
468,0560_0wC2g6gC_hY.jpg,700,525,mush,209,70,591,404
469,0561_Nl7uIU9a6ek.jpg,800,600,mush,51,237,398,487
470,0561_Nl7uIU9a6ek.jpg,800,600,mush,413,84,708,479
471,0562_zm_IbXN888k.jpg,800,533,mush,23,187,360,459
472,0562_zm_IbXN888k.jpg,800,533,mush,292,58,610,321
473,0562_zm_IbXN888k.jpg,800,533,mush,555,189,774,448
474,0563_ksS49uI9ITA.jpg,800,558,mush,58,69,461,512
475,0563_ksS49uI9ITA.jpg,800,558,mush,477,45,747,360
476,0564_QxmDkIHhPjI.jpg,800,551,mush,21,189,311,448
477,0564_QxmDkIHhPjI.jpg,800,551,mush,183,12,543,337
478,0564_QxmDkIHhPjI.jpg,800,551,mush,412,120,790,539
479,0565_TA7rVmeqzrM.jpg,786,530,mush,56,255,325,512
480,0565_TA7rVmeqzrM.jpg,786,530,mush,63,103,263,263
481,0565_TA7rVmeqzrM.jpg,786,530,mush,238,148,462,361
482,0565_TA7rVmeqzrM.jpg,786,530,mush,497,195,768,493
483,0565_TA7rVmeqzrM.jpg,786,530,mush,407,13,656,205
484,0566_excfNs6e4do.jpg,800,600,mush,181,179,402,364
485,0566_excfNs6e4do.jpg,800,600,mush,308,293,525,482
486,0566_excfNs6e4do.jpg,800,600,mush,154,39,334,187
487,0566_excfNs6e4do.jpg,800,600,mush,364,36,625,199
488,0566_excfNs6e4do.jpg,800,600,mush,511,281,720,484
489,0567_4jSw90LDgB8.jpg,628,600,mush,51,23,596,566
490,0568_9YpcU4NpCEs.jpg,509,600,mush,25,60,474,590
491,0569_DpPGoGLCmxw.jpg,800,514,mush,14,43,403,505
492,0569_DpPGoGLCmxw.jpg,800,514,mush,411,7,788,472
493,0570_6n1aV8C7lpk.jpg,800,553,mush,2,2,799,551
494,0571_2XofvpeuLDc.jpg,800,600,mush,6,289,257,560
495,0571_2XofvpeuLDc.jpg,800,600,mush,214,78,647,335
496,0571_2XofvpeuLDc.jpg,800,600,mush,397,328,747,554
497,0574_GzRa4fRtJoA.jpg,604,600,mush,32,30,466,444
498,0574_GzRa4fRtJoA.jpg,604,600,mush,366,275,564,537
499,0575_Yv5oW96asPc.jpg,634,600,mush,17,11,616,558
500,0576_iGnUgsgFAbk.jpg,800,600,mush,77,351,315,594
501,0576_iGnUgsgFAbk.jpg,800,600,mush,83,141,338,343
502,0576_iGnUgsgFAbk.jpg,800,600,mush,332,144,531,328
503,0576_iGnUgsgFAbk.jpg,800,600,mush,565,169,788,347
504,0577_gZB7i43D6sA.jpg,800,525,mush,15,209,219,444
505,0577_gZB7i43D6sA.jpg,800,525,mush,182,57,411,309
506,0577_gZB7i43D6sA.jpg,800,525,mush,395,179,598,362
507,0577_gZB7i43D6sA.jpg,800,525,mush,547,267,763,498
508,0578_UqADZ7tJMXs.jpg,800,528,mush,103,76,419,459
509,0578_UqADZ7tJMXs.jpg,800,528,mush,390,94,742,448
510,0578_UqADZ7tJMXs.jpg,800,528,mush,1,1,156,265
511,0579_-x4gLrqPapg.jpg,800,521,mush,89,225,310,481
512,0579_-x4gLrqPapg.jpg,800,521,mush,280,52,531,336
513,0579_-x4gLrqPapg.jpg,800,521,mush,484,219,732,463
514,0581_rwq7_CJzxZE.jpg,800,537,mush,1,1,800,534
515,0582_dJ1u5WgSusE.jpg,800,526,mush,28,158,270,390
516,0582_dJ1u5WgSusE.jpg,800,526,mush,293,43,573,351
517,0582_dJ1u5WgSusE.jpg,800,526,mush,512,199,781,430
518,0584_7uMMEWO90AA.jpg,900,650,mush,181,125,610,584
519,0585_gU2dkyBv_-o.jpg,620,435,mush,86,93,484,350
520,0586_sTxTAlAGE9A.jpg,620,460,mush,248,207,362,419
521,0586_sTxTAlAGE9A.jpg,620,460,mush,180,119,293,346
522,0586_sTxTAlAGE9A.jpg,620,460,mush,251,96,426,386
523,0586_sTxTAlAGE9A.jpg,620,460,mush,387,144,519,383
524,0587_ygOAO1AYnbw.jpg,1024,768,mush,182,190,605,622
525,0587_ygOAO1AYnbw.jpg,1024,768,mush,548,308,854,646
526,0587_ygOAO1AYnbw.jpg,1024,768,mush,525,248,657,328
527,0588_RmCtQn15Ho4.jpg,1000,750,mush,265,96,707,694
528,0589_bVJdrbCRa8s.jpg,850,603,mush,114,244,394,568
529,0589_bVJdrbCRa8s.jpg,850,603,mush,277,40,747,555
530,0590_U1iXqaOG__4.jpg,600,450,mush,44,65,277,378
531,0590_U1iXqaOG__4.jpg,600,450,mush,252,15,551,391
532,0591_jGdcyt3DypE.jpg,570,427,mush,143,165,285,325
533,0591_jGdcyt3DypE.jpg,570,427,mush,262,183,395,347
534,0592_7RMv6wbkl5A.jpg,570,427,mush,193,54,477,397
535,0593_RjENY9vRdoQ.jpg,570,427,mush,21,22,378,385
536,0593_RjENY9vRdoQ.jpg,570,427,mush,387,145,556,314
537,0594_cGMgyLMFT2A.jpg,1024,683,mush,296,116,914,589
538,0595_pcipbf5SQUo.jpg,1024,683,mush,187,119,564,556
539,0595_pcipbf5SQUo.jpg,1024,683,mush,474,92,829,429
540,0596_1eBgViXIxTo.jpg,570,428,mush,153,81,450,403
541,0597_jMH0DKLZVGE.jpg,620,465,mush,39,29,257,253
542,0597_jMH0DKLZVGE.jpg,620,465,mush,182,108,477,399
543,0598_ZwE0ph3H4Ec.jpg,1024,683,mush,182,74,625,632
544,0598_ZwE0ph3H4Ec.jpg,1024,683,mush,548,146,821,585
545,0599_KA0H3vejy08.jpg,934,700,mush,243,175,557,630
546,0599_KA0H3vejy08.jpg,934,700,mush,450,83,798,640
547,0600_qR3Mwb3qV1E.jpg,1100,733,mush,471,164,928,653
548,0601_Vif72rgkjJ0.jpg,570,428,mush,96,36,524,390
549,0602_UyS-Zr-5MXs.jpg,570,428,mush,23,78,304,368
550,0602_UyS-Zr-5MXs.jpg,570,428,mush,287,88,541,356
551,0603_8uEFV8_nK3s.jpg,600,454,mush,80,16,510,423
552,0604_WDPasmO7xXk.jpg,650,492,mush,27,168,263,399
553,0604_WDPasmO7xXk.jpg,650,492,mush,201,106,360,236
554,0604_WDPasmO7xXk.jpg,650,492,mush,263,235,421,424
555,0604_WDPasmO7xXk.jpg,650,492,mush,399,155,548,347
556,0604_WDPasmO7xXk.jpg,650,492,mush,537,202,630,347
557,0605_OAdP0uFjYa0.jpg,700,556,mush,37,229,179,388
558,0605_OAdP0uFjYa0.jpg,700,556,mush,139,268,310,448
559,0605_OAdP0uFjYa0.jpg,700,556,mush,87,20,324,274
560,0605_OAdP0uFjYa0.jpg,700,556,mush,310,52,505,342
561,0605_OAdP0uFjYa0.jpg,700,556,mush,312,349,630,541
562,0605_OAdP0uFjYa0.jpg,700,556,mush,459,177,612,371
563,0606_d8x7o3xcC4g.jpg,700,527,mush,17,76,233,339
564,0606_d8x7o3xcC4g.jpg,700,527,mush,298,199,494,428
565,0606_d8x7o3xcC4g.jpg,700,527,mush,428,89,651,348
566,0607_AsQwo8r3AD4.jpg,650,512,mush,58,25,557,477
567,0608_iR5VKlchysc.jpg,700,543,mush,123,26,422,488
568,0608_iR5VKlchysc.jpg,700,543,mush,358,85,624,499
569,0609_dvQ0EMGmxKk.jpg,750,561,mush,74,248,308,506
570,0609_dvQ0EMGmxKk.jpg,750,561,mush,257,32,693,487
571,0610_ZvSvVwOa-sk.jpg,730,540,mush,36,197,200,467
572,0610_ZvSvVwOa-sk.jpg,730,540,mush,149,66,350,421
573,0610_ZvSvVwOa-sk.jpg,730,540,mush,346,132,550,419
574,0610_ZvSvVwOa-sk.jpg,730,540,mush,504,197,709,455
575,0611_m86FT9H1jVQ.jpg,750,558,mush,35,320,216,494
576,0611_m86FT9H1jVQ.jpg,750,558,mush,134,114,496,426
577,0611_m86FT9H1jVQ.jpg,750,558,mush,453,211,716,491
578,0612_8lQr8TbwImc.jpg,750,553,mush,41,85,357,398
579,0612_8lQr8TbwImc.jpg,750,553,mush,206,239,406,491
580,0612_8lQr8TbwImc.jpg,750,553,mush,416,87,709,445
581,0612_8lQr8TbwImc.jpg,750,553,mush,330,92,445,228
582,0613_o8hsYEV7utU.jpg,800,614,mush,43,167,420,537
583,0613_o8hsYEV7utU.jpg,800,614,mush,259,103,704,512
584,0614_OcPJ9H47AkM.jpg,570,428,mush,38,43,522,358
585,0615_Q3mbnVZyyCA.jpg,800,600,mush,185,64,678,566
586,0616_W9oRBhCOZbw.jpg,800,600,mush,72,294,277,481
587,0616_W9oRBhCOZbw.jpg,800,600,mush,250,285,402,495
588,0616_W9oRBhCOZbw.jpg,800,600,mush,373,268,554,522
589,0616_W9oRBhCOZbw.jpg,800,600,mush,481,343,675,571
590,0617_rMqNNwYinKc.jpg,800,600,mush,241,220,488,533
591,0617_rMqNNwYinKc.jpg,800,600,mush,310,90,767,526
592,0618_XKt4gPpnUP4.jpg,980,653,mush,136,99,550,624
593,0619_Xg9TIKhqTts.jpg,800,533,mush,167,45,520,497
594,0620_d65_RudOz5I.jpg,800,533,mush,172,38,457,489
595,0621_v2Uwgly850c.jpg,1000,667,mush,424,130,843,584
596,0622_axDS6XbWq14.jpg,1024,709,mush,74,218,430,629
597,0622_axDS6XbWq14.jpg,1024,709,mush,475,250,965,638
598,0623_rGwoTDghdAY.jpg,1024,768,mush,198,218,600,689
599,0624_RmlDHXvJUeU.jpg,1024,726,mush,471,153,907,688
600,0625_zqKe97TlLiA.jpg,600,800,mush,54,101,545,717
601,0625_zqKe97TlLiA.jpg,600,800,mush,150,295,463,714
602,0626_Vr79bfyR04Q.jpg,882,730,mush,173,144,670,627
603,0627_eN6cXmAY_WM.jpg,940,667,mush,390,68,822,594
604,0628_HgADwtCnaLg.jpg,800,568,mush,354,198,690,489
605,0629_vlmH59caIwg.jpg,570,405,mush,30,50,475,344
606,0630_dhxHhToh_80.jpg,570,405,mush,50,52,492,345
607,0631_PJXNFQZc7n8.jpg,1024,683,mush,127,155,611,564
608,0631_PJXNFQZc7n8.jpg,1024,683,mush,520,123,970,590
609,0632_Rc_3hYDbYqU.jpg,570,428,mush,28,96,228,329
610,0632_Rc_3hYDbYqU.jpg,570,428,mush,175,96,291,267
611,0632_Rc_3hYDbYqU.jpg,570,428,mush,290,120,416,259
612,0632_Rc_3hYDbYqU.jpg,570,428,mush,407,139,541,307
613,0633_0hFXcQuG57k.jpg,570,381,mush,20,53,318,357
614,0633_0hFXcQuG57k.jpg,570,381,mush,297,116,552,364
615,0634_T00gs2bFUuQ.jpg,570,428,mush,64,30,325,402
616,0634_T00gs2bFUuQ.jpg,570,428,mush,316,27,539,381
617,0635_-J_6XTsYZMA.jpg,798,550,mush,36,92,297,421
618,0635_-J_6XTsYZMA.jpg,798,550,mush,316,286,497,455
619,0635_-J_6XTsYZMA.jpg,798,550,mush,347,16,706,245
620,0635_-J_6XTsYZMA.jpg,798,550,mush,494,316,789,538
621,0636_t538mfIEbis.jpg,800,600,mush,82,347,267,544
622,0636_t538mfIEbis.jpg,800,600,mush,162,219,354,441
623,0636_t538mfIEbis.jpg,800,600,mush,345,280,489,453
624,0636_t538mfIEbis.jpg,800,600,mush,351,61,604,309
625,0636_t538mfIEbis.jpg,800,600,mush,497,249,698,459
626,0637_b8GD9IP4FxY.jpg,800,516,mush,1,2,799,512
627,0638_Ti7YGPWsjN0.jpg,800,600,mush,81,167,243,335
628,0638_Ti7YGPWsjN0.jpg,800,600,mush,230,286,415,533
629,0638_Ti7YGPWsjN0.jpg,800,600,mush,447,165,783,545
630,0638_Ti7YGPWsjN0.jpg,800,600,mush,245,67,452,282
631,0639_BHzwQbK6SrU.jpg,800,600,mush,69,221,296,483
632,0639_BHzwQbK6SrU.jpg,800,600,mush,295,109,506,305
633,0639_BHzwQbK6SrU.jpg,800,600,mush,460,199,682,417
634,0640_xxa_zZa2XfE.jpg,800,595,mush,50,84,269,381
635,0640_xxa_zZa2XfE.jpg,800,595,mush,348,31,594,284
636,0640_xxa_zZa2XfE.jpg,800,595,mush,503,251,701,475
637,0641_-ZAff_oewis.jpg,800,600,mush,108,116,376,363
638,0641_-ZAff_oewis.jpg,800,600,mush,334,306,521,535
639,0641_-ZAff_oewis.jpg,800,600,mush,402,88,779,423
640,0643_sFB-Bjdiw1Q.jpg,800,600,mush,46,185,293,490
641,0643_sFB-Bjdiw1Q.jpg,800,600,mush,250,43,527,311
642,0643_sFB-Bjdiw1Q.jpg,800,600,mush,411,317,532,530
643,0643_sFB-Bjdiw1Q.jpg,800,600,mush,557,175,747,420
644,0644_2NFUzV_LT50.jpg,800,600,mush,49,203,439,463
645,0644_2NFUzV_LT50.jpg,800,600,mush,514,249,677,448
646,0644_2NFUzV_LT50.jpg,800,600,mush,280,33,623,314
647,0645_l3ki0s-WOCU.jpg,800,600,mush,1,1,800,598
648,0646_X-9LZJb_Mm8.jpg,800,626,mush,32,217,511,552
649,0646_X-9LZJb_Mm8.jpg,800,626,mush,277,102,562,403
650,0646_X-9LZJb_Mm8.jpg,800,626,mush,537,199,765,475
651,0647_VuGFN8uliNA.jpg,800,630,mush,1,1,799,629
652,0648_AmXfTBR7nGk.jpg,800,645,mush,65,58,800,643
653,0649_2HuMMqRSt9s.jpg,800,600,mush,72,170,435,529
654,0649_2HuMMqRSt9s.jpg,800,600,mush,277,19,552,379
655,0649_2HuMMqRSt9s.jpg,800,600,mush,503,163,740,424
656,0650_huVj0u_80y4.jpg,800,600,mush,28,271,279,548
657,0650_huVj0u_80y4.jpg,800,600,mush,101,109,407,533
658,0650_huVj0u_80y4.jpg,800,600,mush,304,28,582,383
659,0650_huVj0u_80y4.jpg,800,600,mush,533,169,768,435
660,0651_lzcn4yLgHek.jpg,750,563,mush,3,137,315,404
661,0651_lzcn4yLgHek.jpg,750,563,mush,239,165,403,325
662,0651_lzcn4yLgHek.jpg,750,563,mush,282,37,480,330
663,0651_lzcn4yLgHek.jpg,750,563,mush,442,134,625,355
664,0651_lzcn4yLgHek.jpg,750,563,mush,479,309,730,479
665,0652_eHg0gVrdlq4.jpg,800,518,mush,7,141,222,422
666,0652_eHg0gVrdlq4.jpg,800,518,mush,148,59,309,213
667,0652_eHg0gVrdlq4.jpg,800,518,mush,329,135,500,315
668,0652_eHg0gVrdlq4.jpg,800,518,mush,532,189,792,424
669,0653_Dafgx0YCkGQ.jpg,586,600,mush,45,229,365,501
670,0653_Dafgx0YCkGQ.jpg,586,600,mush,127,80,324,267
671,0653_Dafgx0YCkGQ.jpg,586,600,mush,351,92,559,293
672,0655_gmQefOjbc4o.jpg,800,600,mush,63,163,410,436
673,0655_gmQefOjbc4o.jpg,800,600,mush,406,101,782,451
674,0656_-atMhUlnMcA.jpg,597,600,mush,125,129,471,457
675,0657_-l3C0vyyh20.jpg,762,600,mush,93,108,641,490
